{
	"credit": "Made with Blockbench",
	"texture_size": [32, 32],
	"textures": {
		"0": "block/texture",
		"particle": "block/texture"
	},
	"elements": [
		{
			"from": [5.75, 5, 4.0625],
			"to": [8.6875, 5.5, 4.9375],
			"faces": {
				"north": {"uv": [0, 2, 1.5, 2.5], "texture": "#0"},
				"east": {"uv": [1, 6, 1.5, 6.5], "texture": "#0"},
				"south": {"uv": [2, 0, 3.5, 0.5], "texture": "#0"},
				"west": {"uv": [6, 7, 6.5, 7.5], "texture": "#0"},
				"up": {"uv": [3.5, 1, 2, 0.5], "texture": "#0"},
				"down": {"uv": [3.5, 1, 2, 1.5], "texture": "#0"}
			}
		},
		{
			"from": [8.5, 5.6875, 4.6],
			"to": [8.6, 5.7875, 4.725],
			"faces": {
				"north": {"uv": [6.5, 7, 7, 7.5], "texture": "#0"},
				"east": {"uv": [7, 6.5, 7.5, 7], "texture": "#0"},
				"south": {"uv": [7, 7, 7.5, 7.5], "texture": "#0"},
				"west": {"uv": [0, 7.5, 0.5, 8], "texture": "#0"},
				"up": {"uv": [8, 0.5, 7.5, 0], "texture": "#0"},
				"down": {"uv": [1, 7.5, 0.5, 8], "texture": "#0"}
			}
		},
		{
			"from": [8.5, 5.6875, 4.3],
			"to": [8.6, 5.7875, 4.425],
			"faces": {
				"north": {"uv": [7.5, 0.5, 8, 1], "texture": "#0"},
				"east": {"uv": [1, 7.5, 1.5, 8], "texture": "#0"},
				"south": {"uv": [1.5, 7.5, 2, 8], "texture": "#0"},
				"west": {"uv": [2, 7.5, 2.5, 8], "texture": "#0"},
				"up": {"uv": [3, 8, 2.5, 7.5], "texture": "#0"},
				"down": {"uv": [8, 2.5, 7.5, 3], "texture": "#0"}
			}
		},
		{
			"from": [5.75, 5.4375, 4.1875],
			"to": [8.6875, 5.6875, 4.8125],
			"faces": {
				"north": {"uv": [1.5, 2, 3, 2.5], "texture": "#0"},
				"east": {"uv": [3, 7.5, 3.5, 8], "texture": "#0"},
				"south": {"uv": [2, 1.5, 3.5, 2], "texture": "#0"},
				"west": {"uv": [7.5, 3, 8, 3.5], "texture": "#0"},
				"up": {"uv": [1.5, 3, 0, 2.5], "texture": "#0"},
				"down": {"uv": [3, 2.5, 1.5, 3], "texture": "#0"}
			}
		},
		{
			"from": [5.8, 5.6875, 4.425],
			"to": [5.9875, 5.8375, 4.575],
			"faces": {
				"north": {"uv": [3.5, 7.5, 4, 8], "texture": "#0"},
				"east": {"uv": [4, 7.5, 4.5, 8], "texture": "#0"},
				"south": {"uv": [7.5, 4, 8, 4.5], "texture": "#0"},
				"west": {"uv": [4.5, 7.5, 5, 8], "texture": "#0"},
				"up": {"uv": [8, 5, 7.5, 4.5], "texture": "#0"},
				"down": {"uv": [5.5, 7.5, 5, 8], "texture": "#0"}
			}
		},
		{
			"from": [5.8125, 4.6875, 4.125],
			"to": [7.4375, 5, 4.875],
			"faces": {
				"north": {"uv": [0, 3, 1, 3.5], "texture": "#0"},
				"east": {"uv": [7.5, 5, 8, 5.5], "texture": "#0"},
				"south": {"uv": [1, 3, 2, 3.5], "texture": "#0"},
				"west": {"uv": [5.5, 7.5, 6, 8], "texture": "#0"},
				"up": {"uv": [3, 3.5, 2, 3], "texture": "#0"},
				"down": {"uv": [4, 2, 3, 2.5], "texture": "#0"}
			}
		},
		{
			"from": [7.375, 4.5625, 4.125],
			"to": [8.5, 5, 4.875],
			"faces": {
				"north": {"uv": [7.5, 5.5, 8, 6], "texture": "#0"},
				"east": {"uv": [6, 7.5, 6.5, 8], "texture": "#0"},
				"south": {"uv": [7.5, 6, 8, 6.5], "texture": "#0"},
				"west": {"uv": [6.5, 7.5, 7, 8], "texture": "#0"},
				"up": {"uv": [8, 7, 7.5, 6.5], "texture": "#0"},
				"down": {"uv": [7.5, 7.5, 7, 8], "texture": "#0"}
			}
		},
		{
			"from": [7.75, 2.375, 4.25],
			"to": [8.5, 4.375, 4.75],
			"rotation": {"angle": 22.5, "axis": "z", "origin": [6.75, 4.625, 4.25]},
			"faces": {
				"north": {"uv": [3, 2.5, 3.5, 3.5], "texture": "#0"},
				"east": {"uv": [0, 3.5, 0.5, 4.5], "texture": "#0"},
				"south": {"uv": [3.5, 0, 4, 1], "texture": "#0"},
				"west": {"uv": [0.5, 3.5, 1, 4.5], "texture": "#0"},
				"up": {"uv": [8, 7.5, 7.5, 7], "texture": "#0"},
				"down": {"uv": [8, 7.5, 7.5, 8], "texture": "#0"}
			}
		},
		{
			"from": [7.1875, 4.125, 4.375],
			"to": [8.6875, 4.25, 4.625],
			"faces": {
				"north": {"uv": [1, 3.5, 2, 4], "texture": "#0"},
				"east": {"uv": [0, 8, 0.5, 8.5], "texture": "#0"},
				"south": {"uv": [3.5, 1, 4.5, 1.5], "texture": "#0"},
				"west": {"uv": [8, 0, 8.5, 0.5], "texture": "#0"},
				"up": {"uv": [4.5, 2, 3.5, 1.5], "texture": "#0"},
				"down": {"uv": [3, 3.5, 2, 4], "texture": "#0"}
			}
		},
		{
			"from": [7.1875, 4.25, 4.375],
			"to": [7.3125, 4.75, 4.625],
			"faces": {
				"north": {"uv": [0.5, 8, 1, 8.5], "texture": "#0"},
				"east": {"uv": [8, 0.5, 8.5, 1], "texture": "#0"},
				"south": {"uv": [1, 8, 1.5, 8.5], "texture": "#0"},
				"west": {"uv": [8, 1, 8.5, 1.5], "texture": "#0"},
				"up": {"uv": [2, 8.5, 1.5, 8], "texture": "#0"},
				"down": {"uv": [8.5, 1.5, 8, 2], "texture": "#0"}
			}
		},
		{
			"from": [8.4375, 4.9375, 4.41],
			"to": [8.6875, 5.1875, 4.61],
			"rotation": {"angle": 22.5, "axis": "z", "origin": [7.4375, 5.4375, 4.1875]},
			"faces": {
				"north": {"uv": [2, 8, 2.5, 8.5], "texture": "#0"},
				"east": {"uv": [8, 2, 8.5, 2.5], "texture": "#0"},
				"south": {"uv": [2.5, 8, 3, 8.5], "texture": "#0"},
				"west": {"uv": [8, 2.5, 8.5, 3], "texture": "#0"},
				"up": {"uv": [3.5, 8.5, 3, 8], "texture": "#0"},
				"down": {"uv": [8.5, 3, 8, 3.5], "texture": "#0"}
			}
		},
		{
			"from": [8.4375, 4.9375, 4.6075],
			"to": [8.6875, 5.4375, 4.9125],
			"rotation": {"angle": 22.5, "axis": "z", "origin": [7.4375, 5.4375, 4.1875]},
			"faces": {
				"north": {"uv": [3.5, 8, 4, 8.5], "texture": "#0"},
				"east": {"uv": [8, 3.5, 8.5, 4], "texture": "#0"},
				"south": {"uv": [4, 8, 4.5, 8.5], "texture": "#0"},
				"west": {"uv": [8, 4, 8.5, 4.5], "texture": "#0"},
				"up": {"uv": [5, 8.5, 4.5, 8], "texture": "#0"},
				"down": {"uv": [8.5, 4.5, 8, 5], "texture": "#0"}
			}
		},
		{
			"from": [8.4375, 4.9375, 4.0875],
			"to": [8.6875, 5.4375, 4.4125],
			"rotation": {"angle": 22.5, "axis": "z", "origin": [7.4375, 5.4375, 4.1875]},
			"faces": {
				"north": {"uv": [5, 8, 5.5, 8.5], "texture": "#0"},
				"east": {"uv": [8, 5, 8.5, 5.5], "texture": "#0"},
				"south": {"uv": [5.5, 8, 6, 8.5], "texture": "#0"},
				"west": {"uv": [8, 5.5, 8.5, 6], "texture": "#0"},
				"up": {"uv": [6.5, 8.5, 6, 8], "texture": "#0"},
				"down": {"uv": [8.5, 6, 8, 6.5], "texture": "#0"}
			}
		},
		{
			"from": [8.3125, 4.9375, 4.125],
			"to": [8.875, 5.125, 4.875],
			"faces": {
				"north": {"uv": [6.5, 8, 7, 8.5], "texture": "#0"},
				"east": {"uv": [8, 6.5, 8.5, 7], "texture": "#0"},
				"south": {"uv": [7, 8, 7.5, 8.5], "texture": "#0"},
				"west": {"uv": [8, 7, 8.5, 7.5], "texture": "#0"},
				"up": {"uv": [8, 8.5, 7.5, 8], "texture": "#0"},
				"down": {"uv": [8.5, 7.5, 8, 8], "texture": "#0"}
			}
		},
		{
			"from": [8, 0.25, 4.25],
			"to": [8.5, 0.5, 4.75],
			"rotation": {"angle": 22.5, "axis": "z", "origin": [8.5, 4.5, 4]},
			"faces": {
				"north": {"uv": [8.5, 5.5, 9, 6], "texture": "#0"},
				"east": {"uv": [6, 8.5, 6.5, 9], "texture": "#0"},
				"south": {"uv": [8.5, 6, 9, 6.5], "texture": "#0"},
				"west": {"uv": [6.5, 8.5, 7, 9], "texture": "#0"},
				"up": {"uv": [9, 7, 8.5, 6.5], "texture": "#0"},
				"down": {"uv": [7.5, 8.5, 7, 9], "texture": "#0"}
			}
		},
		{
			"from": [8.75, 1.25, 3.5],
			"to": [9.5, 2, 5.5],
			"rotation": {"angle": 22.5, "axis": "z", "origin": [8.5, 4.5, 4]},
			"faces": {
				"north": {"uv": [8, 8, 8.5, 8.5], "texture": "#0"},
				"east": {"uv": [3.5, 2.5, 4.5, 3], "texture": "#0"},
				"south": {"uv": [0, 8.5, 0.5, 9], "texture": "#0"},
				"west": {"uv": [3, 3.5, 4, 4], "texture": "#0"},
				"up": {"uv": [4.5, 1, 4, 0], "texture": "#0"},
				"down": {"uv": [1.5, 4, 1, 5], "texture": "#0"}
			}
		},
		{
			"from": [8.5, 1, 3.5],
			"to": [9.25, 1.25, 5.5],
			"rotation": {"angle": 22.5, "axis": "z", "origin": [8.5, 4.5, 4]},
			"faces": {
				"north": {"uv": [8.5, 1.5, 9, 2], "texture": "#0"},
				"east": {"uv": [3.5, 3, 4.5, 3.5], "texture": "#0"},
				"south": {"uv": [2, 8.5, 2.5, 9], "texture": "#0"},
				"west": {"uv": [1.5, 4, 2.5, 4.5], "texture": "#0"},
				"up": {"uv": [3, 5, 2.5, 4], "texture": "#0"},
				"down": {"uv": [3.5, 4, 3, 5], "texture": "#0"}
			}
		},
		{
			"from": [8.25, 0.5, 4],
			"to": [8.75, 0.75, 5],
			"rotation": {"angle": 22.5, "axis": "z", "origin": [8.5, 4.5, 4]},
			"faces": {
				"north": {"uv": [8.5, 0, 9, 0.5], "texture": "#0"},
				"east": {"uv": [0.5, 8.5, 1, 9], "texture": "#0"},
				"south": {"uv": [8.5, 0.5, 9, 1], "texture": "#0"},
				"west": {"uv": [1, 8.5, 1.5, 9], "texture": "#0"},
				"up": {"uv": [9, 1.5, 8.5, 1], "texture": "#0"},
				"down": {"uv": [2, 8.5, 1.5, 9], "texture": "#0"}
			}
		},
		{
			"from": [8.25, 2.75, 4.25],
			"to": [8.5, 3, 4.75],
			"rotation": {"angle": 22.5, "axis": "z", "origin": [8.5, 4.5, 4]},
			"faces": {
				"north": {"uv": [8.5, 4, 9, 4.5], "texture": "#0"},
				"east": {"uv": [4.5, 8.5, 5, 9], "texture": "#0"},
				"south": {"uv": [8.5, 4.5, 9, 5], "texture": "#0"},
				"west": {"uv": [5, 8.5, 5.5, 9], "texture": "#0"},
				"up": {"uv": [9, 5.5, 8.5, 5], "texture": "#0"},
				"down": {"uv": [6, 8.5, 5.5, 9], "texture": "#0"}
			}
		},
		{
			"from": [8.25, 2.5, 4],
			"to": [8.75, 2.75, 5],
			"rotation": {"angle": 22.5, "axis": "z", "origin": [8.5, 4.5, 4]},
			"faces": {
				"north": {"uv": [8.5, 2.5, 9, 3], "texture": "#0"},
				"east": {"uv": [3, 8.5, 3.5, 9], "texture": "#0"},
				"south": {"uv": [8.5, 3, 9, 3.5], "texture": "#0"},
				"west": {"uv": [3.5, 8.5, 4, 9], "texture": "#0"},
				"up": {"uv": [9, 4, 8.5, 3.5], "texture": "#0"},
				"down": {"uv": [4.5, 8.5, 4, 9], "texture": "#0"}
			}
		},
		{
			"from": [8.75, 2.25, 3.75],
			"to": [9, 2.5, 5.25],
			"rotation": {"angle": 22.5, "axis": "z", "origin": [8.5, 4.5, 4]},
			"faces": {
				"north": {"uv": [8.5, 2, 9, 2.5], "texture": "#0"},
				"east": {"uv": [4.5, 0, 5.5, 0.5], "texture": "#0"},
				"south": {"uv": [2.5, 8.5, 3, 9], "texture": "#0"},
				"west": {"uv": [4.5, 0.5, 5.5, 1], "texture": "#0"},
				"up": {"uv": [5, 2, 4.5, 1], "texture": "#0"},
				"down": {"uv": [2, 4.5, 1.5, 5.5], "texture": "#0"}
			}
		},
		{
			"from": [7.75, 2, 3.5],
			"to": [9.25, 2.25, 5.5],
			"rotation": {"angle": 22.5, "axis": "z", "origin": [8.5, 4.5, 4]},
			"faces": {
				"north": {"uv": [4, 2, 5, 2.5], "texture": "#0"},
				"east": {"uv": [3.5, 4, 4.5, 4.5], "texture": "#0"},
				"south": {"uv": [4, 3.5, 5, 4], "texture": "#0"},
				"west": {"uv": [0, 4.5, 1, 5], "texture": "#0"},
				"up": {"uv": [1, 1, 0, 0], "texture": "#0"},
				"down": {"uv": [1, 1, 0, 2], "texture": "#0"}
			}
		},
		{
			"from": [8, 2.75, 4.25],
			"to": [8.25, 3, 4.75],
			"rotation": {"angle": 22.5, "axis": "z", "origin": [8.5, 4.5, 4]},
			"faces": {
				"north": {"uv": [3.5, 9, 4, 9.5], "texture": "#0"},
				"east": {"uv": [9, 3.5, 9.5, 4], "texture": "#0"},
				"south": {"uv": [4, 9, 4.5, 9.5], "texture": "#0"},
				"west": {"uv": [9, 4, 9.5, 4.5], "texture": "#0"},
				"up": {"uv": [5, 9.5, 4.5, 9], "texture": "#0"},
				"down": {"uv": [9.5, 4.5, 9, 5], "texture": "#0"}
			}
		},
		{
			"from": [7.75, 0.75, 3.5],
			"to": [8.75, 1, 3.75],
			"rotation": {"angle": 22.5, "axis": "z", "origin": [8.5, 4.5, 4]},
			"faces": {
				"north": {"uv": [5.5, 9, 6, 9.5], "texture": "#0"},
				"east": {"uv": [9, 5.5, 9.5, 6], "texture": "#0"},
				"south": {"uv": [6, 9, 6.5, 9.5], "texture": "#0"},
				"west": {"uv": [9, 6, 9.5, 6.5], "texture": "#0"},
				"up": {"uv": [7, 9.5, 6.5, 9], "texture": "#0"},
				"down": {"uv": [9.5, 6.5, 9, 7], "texture": "#0"}
			}
		},
		{
			"from": [7.5, 1, 3.25],
			"to": [9, 1.25, 3.5],
			"rotation": {"angle": 22.5, "axis": "z", "origin": [8.5, 4.5, 4]},
			"faces": {
				"north": {"uv": [5.5, 3, 6.5, 3.5], "texture": "#0"},
				"east": {"uv": [8.5, 9, 9, 9.5], "texture": "#0"},
				"south": {"uv": [5.5, 4, 6.5, 4.5], "texture": "#0"},
				"west": {"uv": [9, 8.5, 9.5, 9], "texture": "#0"},
				"up": {"uv": [5.5, 6, 4.5, 5.5], "texture": "#0"},
				"down": {"uv": [6.5, 4.5, 5.5, 5], "texture": "#0"}
			}
		},
		{
			"from": [7.75, 2.25, 3.5],
			"to": [8.75, 2.5, 3.75],
			"rotation": {"angle": 22.5, "axis": "z", "origin": [8.5, 4.5, 4]},
			"faces": {
				"north": {"uv": [9, 9, 9.5, 9.5], "texture": "#0"},
				"east": {"uv": [0, 9.5, 0.5, 10], "texture": "#0"},
				"south": {"uv": [9.5, 0, 10, 0.5], "texture": "#0"},
				"west": {"uv": [0.5, 9.5, 1, 10], "texture": "#0"},
				"up": {"uv": [10, 1, 9.5, 0.5], "texture": "#0"},
				"down": {"uv": [1.5, 9.5, 1, 10], "texture": "#0"}
			}
		},
		{
			"from": [8, 2.5, 3.75],
			"to": [8.5, 2.75, 4],
			"rotation": {"angle": 22.5, "axis": "z", "origin": [8.5, 4.5, 4]},
			"faces": {
				"north": {"uv": [9.5, 3, 10, 3.5], "texture": "#0"},
				"east": {"uv": [3.5, 9.5, 4, 10], "texture": "#0"},
				"south": {"uv": [9.5, 3.5, 10, 4], "texture": "#0"},
				"west": {"uv": [4, 9.5, 4.5, 10], "texture": "#0"},
				"up": {"uv": [10, 4.5, 9.5, 4], "texture": "#0"},
				"down": {"uv": [5, 9.5, 4.5, 10], "texture": "#0"}
			}
		},
		{
			"from": [7.25, 1.75, 3.25],
			"to": [9.25, 2, 3.5],
			"rotation": {"angle": 22.5, "axis": "z", "origin": [8.5, 4.5, 4]},
			"faces": {
				"north": {"uv": [4.5, 6, 5.5, 6.5], "texture": "#0"},
				"east": {"uv": [9.5, 2, 10, 2.5], "texture": "#0"},
				"south": {"uv": [5.5, 6, 6.5, 6.5], "texture": "#0"},
				"west": {"uv": [2.5, 9.5, 3, 10], "texture": "#0"},
				"up": {"uv": [1, 7, 0, 6.5], "texture": "#0"},
				"down": {"uv": [7.5, 0, 6.5, 0.5], "texture": "#0"}
			}
		},
		{
			"from": [7.5, 2, 3.25],
			"to": [9, 2.25, 3.5],
			"rotation": {"angle": 22.5, "axis": "z", "origin": [8.5, 4.5, 4]},
			"faces": {
				"north": {"uv": [6.5, 0.5, 7.5, 1], "texture": "#0"},
				"east": {"uv": [9.5, 2.5, 10, 3], "texture": "#0"},
				"south": {"uv": [1, 6.5, 2, 7], "texture": "#0"},
				"west": {"uv": [3, 9.5, 3.5, 10], "texture": "#0"},
				"up": {"uv": [3, 7, 2, 6.5], "texture": "#0"},
				"down": {"uv": [7.5, 2.5, 6.5, 3], "texture": "#0"}
			}
		},
		{
			"from": [7.25, 1.25, 3.25],
			"to": [9.25, 1.5, 3.5],
			"rotation": {"angle": 22.5, "axis": "z", "origin": [8.5, 4.5, 4]},
			"faces": {
				"north": {"uv": [5.5, 5, 6.5, 5.5], "texture": "#0"},
				"east": {"uv": [9.5, 1, 10, 1.5], "texture": "#0"},
				"south": {"uv": [5.5, 5.5, 6.5, 6], "texture": "#0"},
				"west": {"uv": [1.5, 9.5, 2, 10], "texture": "#0"},
				"up": {"uv": [1, 6.5, 0, 6], "texture": "#0"},
				"down": {"uv": [7, 1, 6, 1.5], "texture": "#0"}
			}
		},
		{
			"from": [7.25, 1.5, 3.25],
			"to": [9.25, 1.75, 3.5],
			"rotation": {"angle": 22.5, "axis": "z", "origin": [8.5, 4.5, 4]},
			"faces": {
				"north": {"uv": [6, 1.5, 7, 2], "texture": "#0"},
				"east": {"uv": [9.5, 1.5, 10, 2], "texture": "#0"},
				"south": {"uv": [6, 2, 7, 2.5], "texture": "#0"},
				"west": {"uv": [2, 9.5, 2.5, 10], "texture": "#0"},
				"up": {"uv": [3.5, 6.5, 2.5, 6], "texture": "#0"},
				"down": {"uv": [7, 3.5, 6, 4], "texture": "#0"}
			}
		},
		{
			"from": [8, 0.5, 3.75],
			"to": [8.5, 0.75, 4],
			"rotation": {"angle": 22.5, "axis": "z", "origin": [8.5, 4.5, 4]},
			"faces": {
				"north": {"uv": [7, 9, 7.5, 9.5], "texture": "#0"},
				"east": {"uv": [9, 7, 9.5, 7.5], "texture": "#0"},
				"south": {"uv": [7.5, 9, 8, 9.5], "texture": "#0"},
				"west": {"uv": [9, 7.5, 9.5, 8], "texture": "#0"},
				"up": {"uv": [8.5, 9.5, 8, 9], "texture": "#0"},
				"down": {"uv": [9.5, 8, 9, 8.5], "texture": "#0"}
			}
		},
		{
			"from": [8, 0.5, 5],
			"to": [8.5, 0.75, 5.25],
			"rotation": {"angle": 22.5, "axis": "z", "origin": [8.5, 4.5, 4]},
			"faces": {
				"north": {"uv": [2, 10, 2.5, 10.5], "texture": "#0"},
				"east": {"uv": [10, 2, 10.5, 2.5], "texture": "#0"},
				"south": {"uv": [2.5, 10, 3, 10.5], "texture": "#0"},
				"west": {"uv": [10, 2.5, 10.5, 3], "texture": "#0"},
				"up": {"uv": [3.5, 10.5, 3, 10], "texture": "#0"},
				"down": {"uv": [10.5, 3, 10, 3.5], "texture": "#0"}
			}
		},
		{
			"from": [7.75, 0.75, 5.25],
			"to": [8.75, 1, 5.5],
			"rotation": {"angle": 22.5, "axis": "z", "origin": [8.5, 4.5, 4]},
			"faces": {
				"north": {"uv": [0.5, 10, 1, 10.5], "texture": "#0"},
				"east": {"uv": [10, 0.5, 10.5, 1], "texture": "#0"},
				"south": {"uv": [1, 10, 1.5, 10.5], "texture": "#0"},
				"west": {"uv": [10, 1, 10.5, 1.5], "texture": "#0"},
				"up": {"uv": [2, 10.5, 1.5, 10], "texture": "#0"},
				"down": {"uv": [10.5, 1.5, 10, 2], "texture": "#0"}
			}
		},
		{
			"from": [7.5, 1, 5.5],
			"to": [9, 1.25, 5.75],
			"rotation": {"angle": 22.5, "axis": "z", "origin": [8.5, 4.5, 4]},
			"faces": {
				"north": {"uv": [3, 7, 4, 7.5], "texture": "#0"},
				"east": {"uv": [0, 10, 0.5, 10.5], "texture": "#0"},
				"south": {"uv": [7, 3.5, 8, 4], "texture": "#0"},
				"west": {"uv": [10, 0, 10.5, 0.5], "texture": "#0"},
				"up": {"uv": [5, 7.5, 4, 7], "texture": "#0"},
				"down": {"uv": [6, 7, 5, 7.5], "texture": "#0"}
			}
		},
		{
			"from": [7.25, 1.25, 5.5],
			"to": [9.25, 1.5, 5.75],
			"rotation": {"angle": 22.5, "axis": "z", "origin": [8.5, 4.5, 4]},
			"faces": {
				"north": {"uv": [7, 1, 8, 1.5], "texture": "#0"},
				"east": {"uv": [9.5, 9, 10, 9.5], "texture": "#0"},
				"south": {"uv": [7, 1.5, 8, 2], "texture": "#0"},
				"west": {"uv": [9.5, 9.5, 10, 10], "texture": "#0"},
				"up": {"uv": [3, 7.5, 2, 7], "texture": "#0"},
				"down": {"uv": [8, 2, 7, 2.5], "texture": "#0"}
			}
		},
		{
			"from": [7.25, 1.5, 5.5],
			"to": [9.25, 1.75, 5.75],
			"rotation": {"angle": 22.5, "axis": "z", "origin": [8.5, 4.5, 4]},
			"faces": {
				"north": {"uv": [6, 6.5, 7, 7], "texture": "#0"},
				"east": {"uv": [9.5, 8.5, 10, 9], "texture": "#0"},
				"south": {"uv": [6.5, 6, 7.5, 6.5], "texture": "#0"},
				"west": {"uv": [9, 9.5, 9.5, 10], "texture": "#0"},
				"up": {"uv": [1, 7.5, 0, 7], "texture": "#0"},
				"down": {"uv": [2, 7, 1, 7.5], "texture": "#0"}
			}
		},
		{
			"from": [7.25, 1.75, 5.5],
			"to": [9.25, 2, 5.75],
			"rotation": {"angle": 22.5, "axis": "z", "origin": [8.5, 4.5, 4]},
			"faces": {
				"north": {"uv": [6.5, 4.5, 7.5, 5], "texture": "#0"},
				"east": {"uv": [9.5, 8, 10, 8.5], "texture": "#0"},
				"south": {"uv": [5, 6.5, 6, 7], "texture": "#0"},
				"west": {"uv": [8.5, 9.5, 9, 10], "texture": "#0"},
				"up": {"uv": [7.5, 5.5, 6.5, 5], "texture": "#0"},
				"down": {"uv": [7.5, 5.5, 6.5, 6], "texture": "#0"}
			}
		},
		{
			"from": [7.5, 2, 5.5],
			"to": [9, 2.25, 5.75],
			"rotation": {"angle": 22.5, "axis": "z", "origin": [8.5, 4.5, 4]},
			"faces": {
				"north": {"uv": [3, 6.5, 4, 7], "texture": "#0"},
				"east": {"uv": [9.5, 7.5, 10, 8], "texture": "#0"},
				"south": {"uv": [6.5, 3, 7.5, 3.5], "texture": "#0"},
				"west": {"uv": [8, 9.5, 8.5, 10], "texture": "#0"},
				"up": {"uv": [5, 7, 4, 6.5], "texture": "#0"},
				"down": {"uv": [7.5, 4, 6.5, 4.5], "texture": "#0"}
			}
		},
		{
			"from": [7.75, 2.25, 5.25],
			"to": [8.75, 2.5, 5.5],
			"rotation": {"angle": 22.5, "axis": "z", "origin": [8.5, 4.5, 4]},
			"faces": {
				"north": {"uv": [9.5, 6, 10, 6.5], "texture": "#0"},
				"east": {"uv": [6.5, 9.5, 7, 10], "texture": "#0"},
				"south": {"uv": [9.5, 6.5, 10, 7], "texture": "#0"},
				"west": {"uv": [7, 9.5, 7.5, 10], "texture": "#0"},
				"up": {"uv": [10, 7.5, 9.5, 7], "texture": "#0"},
				"down": {"uv": [8, 9.5, 7.5, 10], "texture": "#0"}
			}
		},
		{
			"from": [8, 2.5, 5],
			"to": [8.5, 2.75, 5.25],
			"rotation": {"angle": 22.5, "axis": "z", "origin": [8.5, 4.5, 4]},
			"faces": {
				"north": {"uv": [9.5, 4.5, 10, 5], "texture": "#0"},
				"east": {"uv": [5, 9.5, 5.5, 10], "texture": "#0"},
				"south": {"uv": [9.5, 5, 10, 5.5], "texture": "#0"},
				"west": {"uv": [5.5, 9.5, 6, 10], "texture": "#0"},
				"up": {"uv": [10, 6, 9.5, 5.5], "texture": "#0"},
				"down": {"uv": [6.5, 9.5, 6, 10], "texture": "#0"}
			}
		},
		{
			"from": [7.75, 2.5, 4],
			"to": [8.25, 2.75, 5],
			"rotation": {"angle": 22.5, "axis": "z", "origin": [8.5, 4.5, 4]},
			"faces": {
				"north": {"uv": [2, 9, 2.5, 9.5], "texture": "#0"},
				"east": {"uv": [9, 2, 9.5, 2.5], "texture": "#0"},
				"south": {"uv": [2.5, 9, 3, 9.5], "texture": "#0"},
				"west": {"uv": [9, 2.5, 9.5, 3], "texture": "#0"},
				"up": {"uv": [3.5, 9.5, 3, 9], "texture": "#0"},
				"down": {"uv": [9.5, 3, 9, 3.5], "texture": "#0"}
			}
		},
		{
			"from": [7.5, 2.25, 3.75],
			"to": [8.75, 2.5, 5.25],
			"rotation": {"angle": 22.5, "axis": "z", "origin": [8.5, 4.5, 4]},
			"faces": {
				"north": {"uv": [1.5, 9, 2, 9.5], "texture": "#0"},
				"east": {"uv": [5.5, 0, 6.5, 0.5], "texture": "#0"},
				"south": {"uv": [9, 1.5, 9.5, 2], "texture": "#0"},
				"west": {"uv": [5.5, 0.5, 6.5, 1], "texture": "#0"},
				"up": {"uv": [2, 6.5, 1.5, 5.5], "texture": "#0"},
				"down": {"uv": [2.5, 5.5, 2, 6.5], "texture": "#0"}
			}
		},
		{
			"from": [7.25, 2, 3.5],
			"to": [7.75, 2.25, 5.5],
			"rotation": {"angle": 22.5, "axis": "z", "origin": [8.5, 4.5, 4]},
			"faces": {
				"north": {"uv": [1, 9, 1.5, 9.5], "texture": "#0"},
				"east": {"uv": [5, 3.5, 6, 4], "texture": "#0"},
				"south": {"uv": [9, 1, 9.5, 1.5], "texture": "#0"},
				"west": {"uv": [4, 5, 5, 5.5], "texture": "#0"},
				"up": {"uv": [1.5, 6, 1, 5], "texture": "#0"},
				"down": {"uv": [5.5, 4.5, 5, 5.5], "texture": "#0"}
			}
		},
		{
			"from": [7, 1.25, 3.5],
			"to": [8.75, 2, 5.5],
			"rotation": {"angle": 22.5, "axis": "z", "origin": [8.5, 4.5, 4]},
			"faces": {
				"north": {"uv": [5, 1, 6, 1.5], "texture": "#0"},
				"east": {"uv": [5, 1.5, 6, 2], "texture": "#0"},
				"south": {"uv": [5, 2, 6, 2.5], "texture": "#0"},
				"west": {"uv": [2.5, 5, 3.5, 5.5], "texture": "#0"},
				"up": {"uv": [2, 1, 1, 0], "texture": "#0"},
				"down": {"uv": [2, 1, 1, 2], "texture": "#0"}
			}
		},
		{
			"from": [7.25, 1, 3.5],
			"to": [8.5, 1.25, 5.5],
			"rotation": {"angle": 22.5, "axis": "z", "origin": [8.5, 4.5, 4]},
			"faces": {
				"north": {"uv": [0.5, 9, 1, 9.5], "texture": "#0"},
				"east": {"uv": [4, 4.5, 5, 5], "texture": "#0"},
				"south": {"uv": [9, 0.5, 9.5, 1], "texture": "#0"},
				"west": {"uv": [4.5, 4, 5.5, 4.5], "texture": "#0"},
				"up": {"uv": [0.5, 6, 0, 5], "texture": "#0"},
				"down": {"uv": [1, 5, 0.5, 6], "texture": "#0"}
			}
		},
		{
			"from": [7.5, 0.75, 3.75],
			"to": [8.25, 1, 5.25],
			"rotation": {"angle": 22.5, "axis": "z", "origin": [8.5, 4.5, 4]},
			"faces": {
				"north": {"uv": [0, 9, 0.5, 9.5], "texture": "#0"},
				"east": {"uv": [4.5, 2.5, 5.5, 3], "texture": "#0"},
				"south": {"uv": [9, 0, 9.5, 0.5], "texture": "#0"},
				"west": {"uv": [4.5, 3, 5.5, 3.5], "texture": "#0"},
				"up": {"uv": [2.5, 5.5, 2, 4.5], "texture": "#0"},
				"down": {"uv": [4, 4.5, 3.5, 5.5], "texture": "#0"}
			}
		},
		{
			"from": [8.25, 0.75, 3.75],
			"to": [9, 1, 5.25],
			"rotation": {"angle": 22.5, "axis": "z", "origin": [8.5, 4.5, 4]},
			"faces": {
				"north": {"uv": [5, 9, 5.5, 9.5], "texture": "#0"},
				"east": {"uv": [2.5, 5.5, 3.5, 6], "texture": "#0"},
				"south": {"uv": [9, 5, 9.5, 5.5], "texture": "#0"},
				"west": {"uv": [5.5, 2.5, 6.5, 3], "texture": "#0"},
				"up": {"uv": [4, 6.5, 3.5, 5.5], "texture": "#0"},
				"down": {"uv": [4.5, 5.5, 4, 6.5], "texture": "#0"}
			}
		},
		{
			"from": [7.75, 0.5, 4],
			"to": [8.25, 0.75, 5],
			"rotation": {"angle": 22.5, "axis": "z", "origin": [8.5, 4.5, 4]},
			"faces": {
				"north": {"uv": [8.5, 7, 9, 7.5], "texture": "#0"},
				"east": {"uv": [7.5, 8.5, 8, 9], "texture": "#0"},
				"south": {"uv": [8.5, 7.5, 9, 8], "texture": "#0"},
				"west": {"uv": [8, 8.5, 8.5, 9], "texture": "#0"},
				"up": {"uv": [9, 8.5, 8.5, 8], "texture": "#0"},
				"down": {"uv": [9, 8.5, 8.5, 9], "texture": "#0"}
			}
		}
	],
	"display": {
		"thirdperson_righthand": {
			"rotation": [-84, -90, -93],
			"translation": [-6.43, 7.25, 1.75],
			"scale": [2.39, 2.04, 1.86]
		},
		"thirdperson_lefthand": {
			"rotation": [1, 87, 0],
			"translation": [-6, 7.5, 0.5],
			"scale": [2.39, 2.04, 1.86]
		},
		"firstperson_righthand": {
			"rotation": [0, -100, 0],
			"translation": [-5.75, 11, -3.75],
			"scale": [3.15, 2.61, 2.74]
		},
		"firstperson_lefthand": {
			"rotation": [0, 90, 0],
			"translation": [4.9, 17, 2.4],
			"scale": [4, 4, 4]
		},
		"ground": {
			"rotation": [11, -33, -34],
			"translation": [7.94, 6.24, 8.31],
			"scale": [2, 2, 2]
		},
		"gui": {
			"rotation": [0, 130, 0],
			"translation": [4.72, 9.8296, 0],
			"scale": [3, 3, 3]
		},
		"head": {
			"rotation": [0, 0, 59],
			"translation": [-4.173, -13.91, 12.52],
			"scale": [2.5, 2.5, 2.5]
		},
		"fixed": {
			"rotation": [-3, -1, -45],
			"translation": [9.26, 2.65, 8.5],
			"scale": [2.5, 2.24, 2.5]
		}
	},
	"groups": [
		0,
		1,
		2,
		3,
		4,
		5,
		6,
		7,
		8,
		9,
		10,
		11,
		12,
		13,
		{
			"name": "group",
			"origin": [8.5, 4.5, 4],
			"color": 0,
			"children": [14, 15, 16, 17, 18, 19, 20, 21, 22, 23, 24, 25, 26, 27, 28, 29, 30, 31, 32, 33, 34, 35, 36, 37, 38, 39, 40, 41, 42, 43, 44, 45, 46, 47, 48]
		}
	]
}